position,cluster,role_cluster,playstyle,n_pemain,dpm_mean,damageshare_mean,earnedgoldshare_mean,cspm_mean,jungle_cs_share_mean,deaths_pm_mean,death_share_mean,dmg_taken_pm_mean,kp_mean,kill_ratio_mean,wpm_mean,wcpm_mean,dpm_z,damageshare_z,earnedgoldshare_z,cspm_z,jungle_cs_share_z,deaths_pm_z,death_share_z,dmg_taken_pm_z,kp_z,kill_ratio_z,wpm_z,wcpm_z
bot,0,bot_0,Low Resource Support Carry,16,631.2731503462771,0.2613622536889679,0.2473884885343654,8.847116313551764,0.03100187434969433,0.09478325242470799,0.18895618035441925,513.6812193904448,0.6867711707154184,0.377524478942568,0.39396250324119997,0.27819727561175,-0.9724094298703889,-0.7407280699351529,-1.1314029012784925,-1.1798737041459595,-0.5342792014282084,1.2665162246575583,1.039364707283399,0.6752755918658594,-0.622860212369814,-1.0826122316446698,-0.35043309920785126,-0.8065822633374687
bot,1,bot_1,Balance,33,703.0295197682067,0.2738998639907994,0.2572912320140337,9.287757288651635,0.032980085427113386,0.06662380232943967,0.15766989960319366,472.37192458122155,0.7098077791406754,0.4274550740767462,0.423736347705502,0.3241709020017209,0.03241237991367613,0.04704414974972671,-0.11996430654597397,0.005553563830885462,-0.35995914538194634,-0.35372676229057415,-0.3063311460428424,-0.46307735835253555,0.09499115246783413,-0.05552686353292564,0.23783641058496982,0.05068939659809976
bot,2,bot_2,Primary Carry / Hyper Carry,21,749.9855927206119,0.2809565939558675,0.26875131495990195,9.616602604508236,0.04810353487728268,0.06566128218397975,0.1575725261636237,496.9130208539174,0.7171982594530716,0.4744953514612393,0.40629612450846797,0.350137217570878,0.6899496352749945,0.49043772272482494,1.0505365969748994,0.890224364757922,0.9727199533550265,-0.4091084018539035,-0.31051940462478617,0.21319730265618947,0.3252883507846962,0.912103914423871,-0.1067462839037288,0.5348841012220147
jng,0,jng_0,Low Resource Facilitator,24,379.1336168350868,0.15020191225824484,0.1845987361963811,6.106464601256327,0.8948958085016918,0.09329373744559132,0.2091315042814773,1152.0420109162708,0.7221584196452852,0.24405138550081815,0.3046659240210132,0.32550012333538264,-0.7135980662206628,-0.859227991085568,-1.0337797195164542,-0.9188094030535834,0.08329932444874401,0.10306522652390249,0.14228236131612282,-0.28338973958605795,-0.4426368851481663,-0.8624587095751681,-0.3474524624186566,-0.4293260198386288
jng,1,jng_1,Aggresive Diver,34,430.9907381461747,0.1676906235608499,0.19996917760786892,6.59355050560473,0.8953343719662934,0.1004538976548447,0.2156639525913627,1211.9351771123322,0.7421821628744717,0.29730199342696073,0.3322015290680298,0.3399002810118349,0.3150693684712572,0.4476072863757372,0.46708091800631946,0.27596876104942997,0.12342660636977504,0.48226223755940417,0.4207147804606448,0.5001907933905408,0.20685277368408483,0.3557910169142842,0.21243706966375092,-0.10352942621381818
jng,2,jng_2,Controlled Farmer,16,435.3163509599342,0.16621947584584115,0.20090154350669573,6.803836087252778,0.8897532423674982,0.0690775841120484,0.17981105819424925,1124.9509856741183,0.7427229330936538,0.30525040568953354,0.32518411445858497,0.3826644444059536,0.40087469132956954,0.3376765030799069,0.5581226285112499,0.7917804873503408,-0.3872305252088708,-1.1794050945995898,-1.10744245045306,-0.637820826575817,0.22439318364356287,0.5376321534199007,0.06974992059251527,0.863989060462306
mid,0,mid_0,Utility Facilitator,21,639.2200795585367,0.24896526667079885,0.22358184485562216,8.298436944785593,0.01914142408155667,0.08600655963738106,0.1953063652896027,606.1368374718722,0.6899497309865437,0.3096488301279596,0.40813203090655403,0.24027767140627732,-0.3011995026511746,-0.5287019943649588,-1.050832094044382,-0.8508427979820984,-0.30804477342752906,0.2376691885685079,0.2853585034604319,-0.135797787753524,0.23900632015937187,-0.9383754206507643,-0.14111674871678798,0.027603176153472478
mid,1,mid_1,High Risk Finisher,13,649.5344604535185,0.26794792526597494,0.23651091812074257,8.430215422754417,0.016483282031498177,0.10554993585187691,0.2122502387644593,658.2131953118804,0.6697524288421486,0.37349707102017804,0.4434597209545214,0.2071143733384513,-0.1440652452603568,0.6036011208690375,0.44977544805437863,-0.4466694020952833,-0.5542602848513778,1.3443191371223588,0.9182694117024772,0.7867049071005692,-0.25597570074017784,0.6795717981467951,0.43128404142420895,-0.6916554424485568
mid,2,mid_2,Controlled Stabiliser,18,616.7049560907565,0.24904687423914995,0.23607445912026342,8.727861052579787,0.02108607266727486,0.07264903901258814,0.1653721580676879,598.9012392133187,0.6817787401627031,0.34692092832485977,0.4054593120441694,0.23155773996345466,-0.644205761794998,-0.5238341565219448,0.39911801464785424,0.46622962991395905,-0.12791796415421244,-0.518704702513311,-0.832785249704489,-0.2639722448248909,0.038757122428838935,0.006118691853027699,-0.18442177054460787,-0.1615181178457451
mid,3,mid_3,Self Reliant Damage Dealer,14,711.8087820831659,0.2653578655795788,0.23313829085434903,8.810869140555456,0.033852599233805604,0.06715161953554656,0.18443098829717997,584.1895217364611,0.6568989171891351,0.3609047307154811,0.45256910580955373,0.2445051629444013,0.804651830773982,0.4491057620211682,0.05833285902586382,0.7208209814025895,1.0546060727441733,-0.8299978442241354,-0.12087356265850925,-0.5245818492835718,-0.5709809983873312,0.3604754269792724,0.5788798531412824,0.11929067109574462
mid,4,mid_4,Dominant Carry,6,752.2948394019741,0.27570396132221586,0.24443891226501882,8.857919958831696,0.02464851805405958,0.07736330497761092,0.1820999845747888,658.213257452683,0.7183128005335567,0.3842652507915025,0.3404344364317293,0.31315453251303743,1.4214359709222444,1.0662435765775646,1.3699348100335957,0.865128984462547,0.20206038023390213,-0.25175787969198066,-0.2079444254835574,0.786706007889109,0.934109526663172,0.952443004448893,-1.237994481606202,1.6081851297485503
sup,0,sup_0,Frontline Inisiator,20,175.47213784916536,0.07117165396624182,0.09305342040006624,0.9859947639368556,0.008875787110477401,0.12018486002972875,0.26189332040806634,553.4296626783693,0.7457374371426033,0.055363597255979745,1.8969208132562088,0.38874255873272306,-0.8805374153580321,-0.7510423128001482,-0.7963520551733432,-0.6792685200652604,0.05940573716604937,0.6005251483396797,0.5249621342792136,0.491925861281438,-0.19039659311911092,-0.5075244752941765,0.19563173587324054,-0.7222991840472178
sup,1,sup_1,Ambusher,9,208.48783959184868,0.08397806427869575,0.09694559458323675,1.004380161399732,0.004678685576659806,0.12670455941736303,0.26523062191441327,557.3833871884675,0.7196073864968136,0.08493158000493493,1.9196750441679216,0.4129834532665075,0.6228934173473282,0.9679943278642771,0.17526409460565215,-0.4918518487581218,-0.7176369085877887,0.8975728092189017,0.6289950070707235,0.5804903076572896,-0.9818152652297734,1.1303291314445045,0.3725487295774336,-0.26081940696804357
sup,2,sup_2,Controlled Fasilitator,22,198.6618184156572,0.07678204247522585,0.09640113354233662,1.06515218455438,0.010615285058351314,0.08673223443129018,0.22003273303846696,489.9251791176564,0.7607564862109818,0.06638337095959412,1.8448954455854614,0.4147990962838646,0.17544743197232818,0.0020542365058810286,0.03934850723255105,0.12764470067696265,0.38145276814885043,-0.9236285884310401,-0.7799475817045661,-0.9305909110870076,0.2644955933212642,0.10289173940503743,-0.20887201028176958,-0.22625457134543359
sup,3,sup_3,Vision Controller,17,205.33031356571738,0.07951162666741188,0.09942087448901367,1.1403646901330333,0.007563175534177524,0.10730279673582302,0.2469373720210146,545.675892524035,0.7652796628138737,0.06209819958752205,1.8515564703050509,0.4939544281466993,0.4791096498613792,0.36845318247617237,0.7931762995823597,0.8943443308961855,-0.1836084391356236,0.01359827621877235,0.05874406166351391,0.31823941466880973,0.4014921291989914,-0.1344759378839923,-0.15708170926252094,1.2806446419562592
top,0,top_0,Utility Tank,20,551.7619709205406,0.21689399934007839,0.20719386765186115,7.562073790153373,0.019264249896199893,0.09466597320040773,0.20473818305455055,856.1298992261724,0.5818647032140937,0.3091417602011626,0.3965263477882941,0.1505021492023088,-0.581579428227605,-0.6221874775166768,-0.8638610402740212,-1.033512683894292,-0.5052853820827747,0.27337072207049407,-0.044323491521737764,0.0669723335506208,0.10883212336074828,-0.7344934466639266,0.15156381636458718,-0.5386766913440427
top,1,top_1,Self-Sufficient Farmer,19,603.4549510152743,0.22446533213293948,0.21374041954823597,8.084114089493097,0.03150877467639036,0.07519610967733818,0.1978743400963887,814.76220893615,0.5680052295914885,0.3264103744325858,0.3817827121959743,0.19544859065135045,0.33651413645600675,-0.17243573570143544,-0.17595837065777362,0.6339017741212046,0.7940461064732639,-0.7745840285393923,-0.29505066442759004,-0.5853173050389431,-0.3196496577783055,-0.39793698290348883,-0.10094555724970002,0.5106718975529693
top,2,top_2,High Resource Finisher,18,553.0210092542362,0.2283749765599165,0.22344385973570968,7.988254110350541,0.021641293439680978,0.08930994538575782,0.19354178034634592,844.8246512683794,0.5766988048296632,0.40303071149083974,0.3831015073678637,0.1686845478287204,-0.5592182683614572,0.0598046688636774,0.8436657788309209,0.32772174286782163,-0.25304468012343273,-0.014914544341900713,-0.4533133846260754,-0.11128988154657746,-0.050877646376384686,1.0953542185140905,-0.07835898823867506,-0.11417869492268684
top,3,top_3,Offensive Frontliner,11,662.8415282321484,0.2497787719901564,0.22011658694344993,7.963269729598408,0.023660646846788768,0.10566311401497398,0.2424162455583652,919.826444010817,0.592495638497205,0.3586496755800239,0.3892540591007983,0.18574734606646592,1.3912498911267461,1.3312313171922385,0.49404052991103403,0.24792078163291134,-0.038760376283160675,0.8652858089993457,1.3320066707116602,1.0713454538696217,0.4374998786679918,0.230390515926469,0.02701373170443758,0.28418038927116246
