role,cluster,role_cluster,champion,n_pick,share_cluster,share_role,lift
bot,0,bot_0,Senna,21,0.0451,0.0251,1.796
bot,0,bot_0,Ashe,34,0.073,0.0421,1.732
bot,0,bot_0,Kalista,31,0.0665,0.0406,1.637
bot,0,bot_0,Miss Fortune,48,0.103,0.0884,1.165
bot,0,bot_0,Zeri,12,0.0258,0.0227,1.134
bot,0,bot_0,Sivir,24,0.0515,0.0478,1.077
bot,0,bot_0,Varus,57,0.1223,0.1213,1.008
bot,0,bot_0,Ezreal,47,0.1009,0.1126,0.895
bot,0,bot_0,Lucian,21,0.0451,0.0562,0.802
bot,0,bot_0,Corki,32,0.0687,0.0881,0.779
bot,0,bot_0,Kai'Sa,37,0.0794,0.1034,0.768
bot,0,bot_0,Xayah,21,0.0451,0.0598,0.754
bot,0,bot_0,Jhin,29,0.0622,0.0837,0.744
bot,1,bot_1,Ziggs,28,0.0163,0.0131,1.238
bot,1,bot_1,Corki,176,0.1023,0.0881,1.161
bot,1,bot_1,Jhin,157,0.0913,0.0837,1.091
bot,1,bot_1,Caitlyn,29,0.0169,0.0158,1.065
bot,1,bot_1,Sivir,87,0.0506,0.0478,1.058
bot,1,bot_1,Lucian,100,0.0581,0.0562,1.035
bot,1,bot_1,Varus,209,0.1215,0.1213,1.002
bot,1,bot_1,Yunara,39,0.0227,0.0227,0.999
bot,1,bot_1,Ezreal,193,0.1122,0.1126,0.996
bot,1,bot_1,Miss Fortune,150,0.0872,0.0884,0.986
bot,1,bot_1,Ashe,71,0.0413,0.0421,0.98
bot,1,bot_1,Aphelios,18,0.0105,0.0111,0.947
bot,1,bot_1,Xayah,97,0.0564,0.0598,0.944
bot,1,bot_1,Kai'Sa,165,0.0959,0.1034,0.928
bot,1,bot_1,Jinx,31,0.018,0.0194,0.928
bot,1,bot_1,Senna,40,0.0233,0.0251,0.927
bot,1,bot_1,Kalista,63,0.0366,0.0406,0.901
bot,1,bot_1,Zeri,34,0.0198,0.0227,0.871
bot,2,bot_2,Tristana,17,0.0146,0.0078,1.885
bot,2,bot_2,Aphelios,17,0.0146,0.0111,1.325
bot,2,bot_2,Yunara,32,0.0276,0.0227,1.214
bot,2,bot_2,Kai'Sa,144,0.124,0.1034,1.2
bot,2,bot_2,Xayah,82,0.0706,0.0598,1.182
bot,2,bot_2,Zeri,30,0.0258,0.0227,1.138
bot,2,bot_2,Jinx,24,0.0207,0.0194,1.064
bot,2,bot_2,Ezreal,137,0.118,0.1126,1.048
bot,2,bot_2,Lucian,67,0.0577,0.0562,1.027
bot,2,bot_2,Varus,140,0.1206,0.1213,0.994
bot,2,bot_2,Jhin,94,0.081,0.0837,0.968
bot,2,bot_2,Miss Fortune,98,0.0844,0.0884,0.954
bot,2,bot_2,Kalista,42,0.0362,0.0406,0.89
bot,2,bot_2,Sivir,49,0.0422,0.0478,0.883
bot,2,bot_2,Corki,87,0.0749,0.0881,0.85
bot,2,bot_2,Senna,23,0.0198,0.0251,0.789
bot,2,bot_2,Caitlyn,14,0.0121,0.0158,0.762
bot,2,bot_2,Ashe,36,0.031,0.0421,0.736
jng,0,jng_0,Ivern,14,0.017,0.0078,2.186
jng,0,jng_0,Maokai,58,0.0705,0.035,2.012
jng,0,jng_0,Sejuani,122,0.1482,0.0916,1.619
jng,0,jng_0,Vi,95,0.1154,0.0979,1.179
jng,0,jng_0,Nidalee,15,0.0182,0.0165,1.107
jng,0,jng_0,Xin Zhao,128,0.1555,0.1586,0.98
jng,0,jng_0,Skarner,60,0.0729,0.0763,0.955
jng,0,jng_0,Zyra,13,0.0158,0.0177,0.894
jng,0,jng_0,Pantheon,55,0.0668,0.0787,0.849
jng,0,jng_0,Wukong,67,0.0814,0.0961,0.847
jng,0,jng_0,Nocturne,25,0.0304,0.0359,0.846
jng,0,jng_0,Jarvan IV,26,0.0316,0.0389,0.812
jng,0,jng_0,Lillia,19,0.0231,0.0302,0.764
jng,0,jng_0,Naafiri,35,0.0425,0.0566,0.752
jng,0,jng_0,Poppy,17,0.0207,0.0284,0.726
jng,0,jng_0,Trundle,27,0.0328,0.0473,0.694
jng,0,jng_0,Viego,13,0.0158,0.032,0.493
jng,1,jng_1,Zed,18,0.0105,0.006,1.759
jng,1,jng_1,Nocturne,77,0.0451,0.0359,1.254
jng,1,jng_1,Viego,68,0.0398,0.032,1.242
jng,1,jng_1,Poppy,59,0.0345,0.0284,1.214
jng,1,jng_1,Naafiri,113,0.0661,0.0566,1.169
jng,1,jng_1,Trundle,91,0.0532,0.0473,1.126
jng,1,jng_1,Pantheon,150,0.0878,0.0787,1.115
jng,1,jng_1,Skarner,140,0.0819,0.0763,1.073
jng,1,jng_1,Lillia,53,0.031,0.0302,1.026
jng,1,jng_1,Jarvan IV,67,0.0392,0.0389,1.008
jng,1,jng_1,Wukong,164,0.096,0.0961,0.999
jng,1,jng_1,Xin Zhao,270,0.158,0.1586,0.996
jng,1,jng_1,Lee Sin,24,0.014,0.0159,0.885
jng,1,jng_1,Vi,143,0.0837,0.0979,0.855
jng,1,jng_1,Sejuani,129,0.0755,0.0916,0.824
jng,1,jng_1,Nidalee,23,0.0135,0.0165,0.818
jng,1,jng_1,Zyra,22,0.0129,0.0177,0.729
jng,1,jng_1,Maokai,39,0.0228,0.035,0.652
jng,2,jng_2,Lee Sin,22,0.0272,0.0159,1.714
jng,2,jng_2,Zyra,24,0.0297,0.0177,1.68
jng,2,jng_2,Nidalee,17,0.021,0.0165,1.276
jng,2,jng_2,Lillia,29,0.0358,0.0302,1.186
jng,2,jng_2,Jarvan IV,37,0.0457,0.0389,1.175
jng,2,jng_2,Wukong,90,0.1112,0.0961,1.158
jng,2,jng_2,Vi,89,0.11,0.0979,1.124
jng,2,jng_2,Trundle,40,0.0494,0.0473,1.046
jng,2,jng_2,Xin Zhao,132,0.1632,0.1586,1.029
jng,2,jng_2,Viego,26,0.0321,0.032,1.004
jng,2,jng_2,Pantheon,58,0.0717,0.0787,0.911
jng,2,jng_2,Naafiri,41,0.0507,0.0566,0.896
jng,2,jng_2,Skarner,55,0.068,0.0763,0.891
jng,2,jng_2,Poppy,19,0.0235,0.0284,0.826
jng,2,jng_2,Sejuani,55,0.068,0.0916,0.742
jng,2,jng_2,Maokai,20,0.0247,0.035,0.706
jng,2,jng_2,Nocturne,18,0.0222,0.0359,0.619
mid,0,mid_0,Galio,80,0.0729,0.0514,1.42
mid,0,mid_0,Annie,67,0.0611,0.0523,1.169
mid,0,mid_0,Orianna,84,0.0766,0.0668,1.146
mid,0,mid_0,Taliyah,168,0.1531,0.1339,1.144
mid,0,mid_0,Sylas,58,0.0529,0.0481,1.099
mid,0,mid_0,Aurora,78,0.0711,0.0665,1.069
mid,0,mid_0,Ryze,90,0.082,0.0817,1.005
mid,0,mid_0,Ahri,92,0.0839,0.0858,0.977
mid,0,mid_0,Viktor,80,0.0729,0.0763,0.956
mid,0,mid_0,Yone,69,0.0629,0.0683,0.921
mid,0,mid_0,Azir,98,0.0893,0.1051,0.85
mid,0,mid_0,Akali,30,0.0273,0.0324,0.845
mid,0,mid_0,Hwei,16,0.0146,0.0175,0.833
mid,0,mid_0,Corki,21,0.0191,0.0318,0.603
mid,1,mid_1,Akali,20,0.0461,0.0324,1.424
mid,1,mid_1,Yone,35,0.0806,0.0683,1.181
mid,1,mid_1,Corki,16,0.0369,0.0318,1.16
mid,1,mid_1,Sylas,23,0.053,0.0481,1.102
mid,1,mid_1,Ahri,41,0.0945,0.0858,1.101
mid,1,mid_1,Taliyah,57,0.1313,0.1339,0.981
mid,1,mid_1,Aurora,28,0.0645,0.0665,0.97
mid,1,mid_1,Azir,44,0.1014,0.1051,0.965
mid,1,mid_1,Viktor,28,0.0645,0.0763,0.845
mid,1,mid_1,Annie,19,0.0438,0.0523,0.838
mid,1,mid_1,Ryze,29,0.0668,0.0817,0.818
mid,1,mid_1,Orianna,23,0.053,0.0668,0.793
mid,2,mid_2,Tristana,13,0.0145,0.0107,1.354
mid,2,mid_2,Ryze,91,0.1013,0.0817,1.241
mid,2,mid_2,Orianna,66,0.0735,0.0668,1.1
mid,2,mid_2,Akali,31,0.0345,0.0324,1.067
mid,2,mid_2,Annie,50,0.0557,0.0523,1.065
mid,2,mid_2,Ahri,82,0.0913,0.0858,1.064
mid,2,mid_2,Corki,30,0.0334,0.0318,1.052
mid,2,mid_2,Galio,46,0.0512,0.0514,0.997
mid,2,mid_2,Viktor,68,0.0757,0.0763,0.992
mid,2,mid_2,Taliyah,116,0.1292,0.1339,0.965
mid,2,mid_2,Sylas,41,0.0457,0.0481,0.949
mid,2,mid_2,Azir,85,0.0947,0.1051,0.901
mid,2,mid_2,Yone,55,0.0612,0.0683,0.897
mid,2,mid_2,Aurora,52,0.0579,0.0665,0.871
mid,3,mid_3,Hwei,21,0.0349,0.0175,1.995
mid,3,mid_3,Corki,28,0.0466,0.0318,1.466
mid,3,mid_3,Azir,88,0.1464,0.1051,1.393
mid,3,mid_3,Viktor,58,0.0965,0.0763,1.265
mid,3,mid_3,Yone,51,0.0849,0.0683,1.243
mid,3,mid_3,Taliyah,77,0.1281,0.1339,0.957
mid,3,mid_3,Ryze,44,0.0732,0.0817,0.897
mid,3,mid_3,Aurora,35,0.0582,0.0665,0.876
mid,3,mid_3,Ahri,42,0.0699,0.0858,0.814
mid,3,mid_3,Orianna,31,0.0516,0.0668,0.772
mid,3,mid_3,Akali,15,0.025,0.0324,0.771
mid,3,mid_3,Sylas,21,0.0349,0.0481,0.726
mid,3,mid_3,Annie,21,0.0349,0.0523,0.669
mid,3,mid_3,Galio,15,0.025,0.0514,0.486
mid,4,mid_4,Aurora,31,0.0917,0.0665,1.379
mid,4,mid_4,Galio,23,0.068,0.0514,1.325
mid,4,mid_4,Akali,13,0.0385,0.0324,1.188
mid,4,mid_4,Sylas,19,0.0562,0.0481,1.169
mid,4,mid_4,Corki,12,0.0355,0.0318,1.118
mid,4,mid_4,Ahri,32,0.0947,0.0858,1.103
mid,4,mid_4,Azir,39,0.1154,0.1051,1.098
mid,4,mid_4,Annie,19,0.0562,0.0523,1.076
mid,4,mid_4,Orianna,21,0.0621,0.0668,0.93
mid,4,mid_4,Viktor,23,0.068,0.0763,0.892
mid,4,mid_4,Yone,20,0.0592,0.0683,0.866
mid,4,mid_4,Ryze,21,0.0621,0.0817,0.761
mid,4,mid_4,Taliyah,33,0.0976,0.1339,0.729
sup,0,sup_0,Rell,157,0.1612,0.1406,1.147
sup,0,sup_0,Nami,16,0.0164,0.0145,1.13
sup,0,sup_0,Nautilus,113,0.116,0.105,1.105
sup,0,sup_0,Braum,92,0.0945,0.0866,1.091
sup,0,sup_0,Alistar,151,0.155,0.1435,1.08
sup,0,sup_0,Karma,24,0.0246,0.0234,1.052
sup,0,sup_0,Leona,86,0.0883,0.0842,1.048
sup,0,sup_0,Poppy,32,0.0329,0.0347,0.947
sup,0,sup_0,Rakan,106,0.1088,0.1198,0.908
sup,0,sup_0,Renata Glasc,41,0.0421,0.0469,0.898
sup,0,sup_0,Neeko,58,0.0595,0.0777,0.766
sup,0,sup_0,Bard,19,0.0195,0.0311,0.626
sup,1,sup_1,Elise,18,0.0377,0.016,2.351
sup,1,sup_1,Lulu,14,0.0293,0.0139,2.101
sup,1,sup_1,Karma,16,0.0335,0.0234,1.429
sup,1,sup_1,Nautilus,69,0.1444,0.105,1.375
sup,1,sup_1,Leona,48,0.1004,0.0842,1.192
sup,1,sup_1,Renata Glasc,24,0.0502,0.0469,1.072
sup,1,sup_1,Alistar,72,0.1506,0.1435,1.049
sup,1,sup_1,Neeko,33,0.069,0.0777,0.889
sup,1,sup_1,Braum,34,0.0711,0.0866,0.821
sup,1,sup_1,Poppy,13,0.0272,0.0347,0.784
sup,1,sup_1,Rakan,42,0.0879,0.1198,0.733
sup,1,sup_1,Rell,48,0.1004,0.1406,0.714
sup,2,sup_2,Bard,45,0.0467,0.0311,1.499
sup,2,sup_2,Nami,19,0.0197,0.0145,1.356
sup,2,sup_2,Renata Glasc,55,0.0571,0.0469,1.218
sup,2,sup_2,Neeko,90,0.0934,0.0777,1.202
sup,2,sup_2,Poppy,39,0.0405,0.0347,1.166
sup,2,sup_2,Braum,91,0.0944,0.0866,1.09
sup,2,sup_2,Rakan,123,0.1276,0.1198,1.065
sup,2,sup_2,Nautilus,99,0.1027,0.105,0.978
sup,2,sup_2,Alistar,133,0.138,0.1435,0.961
sup,2,sup_2,Rell,122,0.1266,0.1406,0.9
sup,2,sup_2,Elise,12,0.0124,0.016,0.777
sup,2,sup_2,Leona,60,0.0622,0.0842,0.739
sup,2,sup_2,Karma,13,0.0135,0.0234,0.576
sup,3,sup_3,Bard,36,0.0377,0.0311,1.209
sup,3,sup_3,Rakan,133,0.1391,0.1198,1.161
sup,3,sup_3,Karma,26,0.0272,0.0234,1.161
sup,3,sup_3,Leona,90,0.0941,0.0842,1.118
sup,3,sup_3,Elise,17,0.0178,0.016,1.11
sup,3,sup_3,Rell,147,0.1538,0.1406,1.094
sup,3,sup_3,Neeko,81,0.0847,0.0777,1.09
sup,3,sup_3,Poppy,33,0.0345,0.0347,0.995
sup,3,sup_3,Alistar,128,0.1339,0.1435,0.933
sup,3,sup_3,Braum,75,0.0785,0.0866,0.906
sup,3,sup_3,Lulu,12,0.0126,0.0139,0.901
sup,3,sup_3,Renata Glasc,38,0.0397,0.0469,0.848
sup,3,sup_3,Nautilus,73,0.0764,0.105,0.727
top,0,top_0,Udyr,14,0.0147,0.0081,1.813
top,0,top_0,Ornn,53,0.0557,0.0385,1.447
top,0,top_0,Galio,22,0.0231,0.0171,1.349
top,0,top_0,Sion,108,0.1134,0.0904,1.254
top,0,top_0,Rumble,154,0.1618,0.1409,1.148
top,0,top_0,Gragas,14,0.0147,0.0129,1.138
top,0,top_0,K'Sante,77,0.0809,0.0712,1.136
top,0,top_0,Camille,13,0.0137,0.0129,1.057
top,0,top_0,Yorick,46,0.0483,0.0466,1.037
top,0,top_0,Jax,45,0.0473,0.0484,0.977
top,0,top_0,Renekton,58,0.0609,0.0631,0.966
top,0,top_0,Gnar,34,0.0357,0.0379,0.943
top,0,top_0,Aatrox,35,0.0368,0.0391,0.941
top,0,top_0,Gwen,75,0.0788,0.0883,0.892
top,0,top_0,Ambessa,98,0.1029,0.1184,0.87
top,0,top_0,Jayce,47,0.0494,0.0694,0.711
top,1,top_1,Cho'Gath,13,0.012,0.0081,1.482
top,1,top_1,Gnar,53,0.049,0.0379,1.295
top,1,top_1,Aurora,37,0.0342,0.0264,1.294
top,1,top_1,Yorick,60,0.0555,0.0466,1.192
top,1,top_1,Renekton,79,0.0731,0.0631,1.158
top,1,top_1,Jayce,86,0.0796,0.0694,1.146
top,1,top_1,Ornn,46,0.0426,0.0385,1.106
top,1,top_1,Gwen,98,0.0907,0.0883,1.026
top,1,top_1,Sion,98,0.0907,0.0904,1.002
top,1,top_1,Ambessa,127,0.1175,0.1184,0.992
top,1,top_1,Rumble,146,0.1351,0.1409,0.958
top,1,top_1,Aatrox,39,0.0361,0.0391,0.924
top,1,top_1,Galio,16,0.0148,0.0171,0.864
top,1,top_1,Gragas,12,0.0111,0.0129,0.859
top,1,top_1,K'Sante,61,0.0564,0.0712,0.792
top,1,top_1,Jax,40,0.037,0.0484,0.765
top,2,top_2,K'Sante,75,0.1008,0.0712,1.416
top,2,top_2,Ambessa,110,0.1478,0.1184,1.249
top,2,top_2,Jax,43,0.0578,0.0484,1.195
top,2,top_2,Aatrox,33,0.0444,0.0391,1.135
top,2,top_2,Jayce,55,0.0739,0.0694,1.065
top,2,top_2,Gwen,66,0.0887,0.0883,1.004
top,2,top_2,Rumble,96,0.129,0.1409,0.916
top,2,top_2,Aurora,17,0.0228,0.0264,0.864
top,2,top_2,Sion,58,0.078,0.0904,0.862
top,2,top_2,Renekton,38,0.0511,0.0631,0.809
top,2,top_2,Yorick,27,0.0363,0.0466,0.779
top,2,top_2,Gnar,21,0.0282,0.0379,0.746
top,3,top_3,Nidalee,15,0.0272,0.0075,3.624
top,3,top_3,Aurora,25,0.0454,0.0264,1.716
top,3,top_3,Jax,33,0.0599,0.0484,1.238
top,3,top_3,Gwen,55,0.0998,0.0883,1.13
top,3,top_3,Jayce,43,0.078,0.0694,1.124
top,3,top_3,Aatrox,23,0.0417,0.0391,1.069
top,3,top_3,Renekton,35,0.0635,0.0631,1.007
top,3,top_3,Rumble,73,0.1325,0.1409,0.94
top,3,top_3,Ambessa,59,0.1071,0.1184,0.904
top,3,top_3,Gnar,18,0.0327,0.0379,0.863
top,3,top_3,Yorick,22,0.0399,0.0466,0.857
top,3,top_3,Ornn,18,0.0327,0.0385,0.849
top,3,top_3,Sion,37,0.0672,0.0904,0.742
top,3,top_3,K'Sante,24,0.0436,0.0712,0.612
